facility_id,accounting_month,snapshot_date,snapshot_day,service_line_group,generic_payer_group,encounter_class_group,month_to_date_encounters,month_to_date_discharges,month_to_date_case_mix_index,month_to_date_gross_charges,month_to_date_payments,month_to_date_denials,month_to_date_contractual_adjustments,month_to_date_bad_debt,month_to_date_charity_care,month_to_date_length_of_stay,month_to_date_inpatient_volume,month_to_date_outpatient_volume,days_elapsed,business_days_elapsed,remaining_days,prior_month_net_revenue,prior_year_same_month_net_revenue,rolling_3_month_net_revenue,rolling_6_month_net_revenue,rolling_12_month_net_revenue,historical_collection_rate,historical_denial_rate,historical_adjustment_rate,historical_payer_mix,month,quarter,month_sin,month_cos,actual_month_end_net_revenue
FAC-001,2023-01,2023-01-07,7,acute_inpatient,commercial,inpatient,321.09,63.43,1.2025,2800862.47,197888.95,141163.89,,52352.9,32991.55,4.972,181.23,139.86,7.0,5.0,24.0,,,,,,0.4534,0.0475,0.5451,0.6164,1,1,0.0,1.0,4992935.37
FAC-001,2023-01,2023-01-10,10,acute_inpatient,commercial,inpatient,445.79,88.07,1.2025,3888674.46,625247.75,179951.77,2045460.42,77040.38,48077.27,4.345,251.62,194.18,10.0,7.0,21.0,,,,,,0.4534,0.0475,0.5451,0.6164,1,1,0.0,1.0,4992935.37
FAC-001,2023-01,2023-01-12,12,acute_inpatient,commercial,inpatient,527.21,104.15,1.2025,4598840.36,1016785.94,,2396957.37,108872.15,89022.52,4.487,297.57,229.64,12.0,9.0,19.0,,,,,,0.4534,0.0475,0.5451,0.6164,1,1,0.0,1.0,4992935.37
FAC-001,2023-01,2023-01-15,15,acute_inpatient,commercial,inpatient,647.35,127.88,1.2025,5646840.83,1413692.85,273001.98,3291084.35,101791.57,82625.05,5.424,365.38,281.97,15.0,10.0,16.0,,,,,,0.4534,0.0475,0.5451,0.6164,1,1,0.0,1.0,4992935.37
FAC-001,2023-01,2023-01-18,18,acute_inpatient,commercial,inpatient,765.57,151.24,1.2025,6678090.38,1935894.63,311467.3,3620903.77,115198.45,97785.54,4.922,432.11,333.46,18.0,13.0,13.0,,,,,,0.4534,0.0475,0.5451,0.6164,1,1,0.0,1.0,4992935.37
FAC-001,2023-01,2023-01-21,21,acute_inpatient,commercial,inpatient,882.22,174.28,1.2025,7695615.12,2415066.96,355647.75,4274193.56,169499.24,117228.41,5.22,497.95,384.27,21.0,15.0,10.0,,,,,,0.4534,0.0475,0.5451,0.6164,1,1,0.0,1.0,4992935.37
FAC-001,2023-01,2023-01-24,24,acute_inpatient,commercial,inpatient,997.54,197.06,1.2025,8701536.18,2895158.03,413622.2,4606514.18,179538.7,129253.23,6.057,563.04,434.5,24.0,17.0,7.0,,,,,,0.4534,0.0475,0.5451,0.6164,1,1,0.0,1.0,4992935.37
FAC-001,2023-01,2023-01-27,27,acute_inpatient,commercial,inpatient,1111.71,219.62,1.2025,9697421.02,3546635.1,469852.0,5124951.48,172373.38,162787.84,5.177,627.48,484.23,27.0,20.0,4.0,,,,,,0.4534,0.0475,0.5451,0.6164,1,1,0.0,1.0,4992935.37
FAC-001,2023-02,2023-02-07,7,acute_inpatient,commercial,inpatient,352.61,69.66,1.2025,3406934.02,343814.78,147819.42,1926100.77,71235.04,45429.26,4.824,199.02,153.59,7.0,5.0,21.0,4992935.371174781,,4992935.371174781,4992935.371174781,4992935.371174781,0.4534,0.0475,0.5451,0.6164,2,1,0.5,0.866025,5530450.55
FAC-001,2023-02,2023-02-10,10,acute_inpatient,commercial,inpatient,489.56,96.71,1.2025,4730134.9,905571.51,225432.96,2548377.6,93623.67,69164.19,5.124,276.32,213.24,10.0,8.0,18.0,4992935.371174781,,4992935.371174781,4992935.371174781,4992935.371174781,0.4534,0.0475,0.5451,0.6164,2,1,0.5,0.866025,5530450.55
FAC-001,2023-02,2023-02-12,12,acute_inpatient,commercial,inpatient,578.96,114.37,1.2025,5593971.8,1338890.3,231780.55,3020520.77,113854.25,86393.25,4.872,326.78,252.18,12.0,8.0,16.0,4992935.371174781,,4992935.371174781,4992935.371174781,4992935.371174781,0.4534,0.0475,0.5451,0.6164,2,1,0.5,0.866025,5530450.55
FAC-001,2023-02,2023-02-15,15,acute_inpatient,commercial,inpatient,710.9,140.44,1.2025,6868746.45,1769716.36,331854.81,4003031.97,116303.52,111931.32,4.892,401.25,309.65,15.0,11.0,13.0,4992935.371174781,,4992935.371174781,4992935.371174781,4992935.371174781,0.4534,0.0475,0.5451,0.6164,2,1,0.5,0.866025,5530450.55
FAC-001,2023-02,2023-02-18,18,acute_inpatient,commercial,inpatient,840.72,166.08,1.2025,8123145.48,2458556.04,365799.49,4368884.82,183583.81,128946.67,5.884,474.53,366.2,18.0,13.0,10.0,4992935.371174781,,4992935.371174781,4992935.371174781,4992935.371174781,0.4534,0.0475,0.5451,0.6164,2,1,0.5,0.866025,5530450.55
FAC-001,2023-02,2023-02-21,21,acute_inpatient,commercial,inpatient,968.82,191.39,1.2025,9360849.82,3173253.04,454729.2,5458788.24,195435.69,152038.76,4.908,546.83,421.99,21.0,15.0,7.0,4992935.371174781,,4992935.371174781,4992935.371174781,4992935.371174781,0.4534,0.0475,0.5451,0.6164,2,1,0.5,0.866025,5530450.55
FAC-001,2023-02,2023-02-24,24,acute_inpatient,commercial,inpatient,1095.46,216.41,1.2025,10584439.6,3679942.06,485578.25,5998226.55,186745.42,171187.7,4.959,618.31,477.15,24.0,18.0,4.0,4992935.371174781,,4992935.371174781,4992935.371174781,4992935.371174781,0.4534,0.0475,0.5451,0.6164,2,1,0.5,0.866025,5530450.55
FAC-001,2023-02,2023-02-27,27,acute_inpatient,commercial,inpatient,1220.84,241.17,1.2025,11795821.44,4435642.53,581755.58,6898475.01,253156.6,149122.06,5.018,689.07,531.76,27.0,19.0,1.0,4992935.371174781,,4992935.371174781,4992935.371174781,4992935.371174781,0.4534,0.0475,0.5451,0.6164,2,1,0.5,0.866025,5530450.55
FAC-001,2023-03,2023-03-07,7,acute_inpatient,commercial,inpatient,321.09,63.43,1.2025,3206637.34,216542.02,148474.96,1853682.57,68221.43,44737.74,4.563,181.23,139.86,7.0,5.0,24.0,5530450.553569598,,5261692.962372189,5261692.962372189,5261692.962372189,0.4534,0.0475,0.5451,0.6164,3,1,0.866025,0.5,5716286.73
FAC-001,2023-03,2023-03-10,10,acute_inpatient,commercial,inpatient,445.79,88.07,1.2025,4452046.06,740124.04,198751.7,2361767.12,91819.08,74495.94,5.343,251.62,194.18,10.0,8.0,21.0,5530450.553569598,,5261692.962372189,5261692.962372189,5261692.962372189,0.4534,0.0475,0.5451,0.6164,3,1,0.866025,0.5,5716286.73
FAC-001,2023-03,2023-03-12,12,acute_inpatient,commercial,inpatient,527.21,104.15,1.2025,5265097.22,1018984.48,254080.85,2878403.17,109660.29,91740.71,4.058,297.57,229.64,12.0,8.0,19.0,5530450.553569598,,5261692.962372189,5261692.962372189,5261692.962372189,0.4534,0.0475,0.5451,0.6164,3,1,0.866025,0.5,5716286.73
FAC-001,2023-03,2023-03-15,15,acute_inpatient,commercial,inpatient,647.35,127.88,1.2025,6464926.73,1607559.97,316384.47,3301236.21,148382.34,100546.0,5.458,365.38,281.97,15.0,11.0,16.0,5530450.553569598,,5261692.962372189,5261692.962372189,5261692.962372189,0.4534,0.0475,0.5451,0.6164,3,1,0.866025,0.5,5716286.73
FAC-001,2023-03,2023-03-18,18,acute_inpatient,commercial,inpatient,765.57,151.24,1.2025,7645578.53,2150347.9,378213.52,4345918.63,156472.54,117371.87,5.18,432.11,333.46,18.0,13.0,13.0,5530450.553569598,,5261692.962372189,5261692.962372189,5261692.962372189,0.4534,0.0475,0.5451,0.6164,3,1,0.866025,0.5,5716286.73
FAC-001,2023-03,2023-03-21,21,acute_inpatient,commercial,inpatient,882.22,174.28,1.2025,8810517.13,2674706.93,415711.52,4773526.9,182966.14,145371.21,4.541,497.95,384.27,21.0,15.0,10.0,5530450.553569598,,5261692.962372189,5261692.962372189,5261692.962372189,0.4534,0.0475,0.5451,0.6164,3,1,0.866025,0.5,5716286.73
FAC-001,2023-03,2023-03-24,24,acute_inpatient,commercial,inpatient,997.54,197.06,1.2025,9962170.98,3296905.89,508620.4,5269097.28,182860.63,152455.68,5.457,563.04,434.5,24.0,18.0,7.0,5530450.553569598,,5261692.962372189,5261692.962372189,5261692.962372189,0.4534,0.0475,0.5451,0.6164,3,1,0.866025,0.5,5716286.73
FAC-001,2023-03,2023-03-27,27,acute_inpatient,commercial,inpatient,1111.71,219.62,1.2025,11102334.59,3878765.37,562807.77,6259572.24,240739.03,175763.0,6.17,627.48,484.23,27.0,19.0,4.0,5530450.553569598,,5261692.962372189,5261692.962372189,5261692.962372189,0.4534,0.0475,0.5451,0.6164,3,1,0.866025,0.5,5716286.73
FAC-001,2023-04,2023-04-07,7,acute_inpatient,commercial,inpatient,330.92,65.37,1.2025,3332924.34,263909.97,142557.16,1933446.75,63607.53,50533.2,5.68,186.78,144.14,7.0,5.0,23.0,5716286.733109838,,5413224.219284739,5413224.219284739,5413224.219284739,0.4534,0.0475,0.5451,0.6164,4,2,1.0,0.0,5764855.29
FAC-001,2023-04,2023-04-10,10,acute_inpatient,commercial,inpatient,459.45,90.76,,4627380.99,766148.3,206193.26,2360929.75,85198.08,72462.26,5.303,259.32,200.12,10.0,6.0,20.0,5716286.733109838,,5413224.219284739,5413224.219284739,5413224.219284739,0.4534,0.0475,0.5451,0.6164,4,2,1.0,0.0,5764855.29
FAC-001,2023-04,2023-04-12,12,acute_inpatient,commercial,inpatient,543.35,107.34,1.2025,5472452.54,1185541.94,241753.55,2707510.75,110043.95,78214.13,5.271,306.68,236.67,12.0,8.0,18.0,5716286.733109838,,5413224.219284739,5413224.219284739,5413224.219284739,0.4534,0.0475,0.5451,0.6164,4,2,1.0,0.0,5764855.29
FAC-001,2023-04,2023-04-15,15,acute_inpatient,commercial,inpatient,667.18,131.8,1.2025,6719534.93,1779289.27,321615.4,3774357.1,137471.09,106135.71,4.712,376.57,290.6,15.0,10.0,15.0,5716286.733109838,,5413224.219284739,5413224.219284739,5413224.219284739,0.4534,0.0475,0.5451,0.6164,4,2,1.0,0.0,5764855.29
FAC-001,2023-04,2023-04-18,18,acute_inpatient,commercial,inpatient,789.02,155.87,1.2025,7946684.35,2305970.31,381455.69,4474111.04,152675.81,125412.59,4.923,445.34,343.68,18.0,12.0,12.0,5716286.733109838,,5413224.219284739,5413224.219284739,5413224.219284739,0.4534,0.0475,0.5451,0.6164,4,2,1.0,0.0,5764855.29
FAC-001,2023-04,2023-04-21,21,acute_inpatient,commercial,inpatient,909.24,179.62,1.2025,9157501.72,2891064.48,453348.66,4594005.71,159405.14,117002.85,3.928,513.2,396.04,21.0,15.0,9.0,5716286.733109838,,5413224.219284739,5413224.219284739,5413224.219284739,0.4534,0.0475,0.5451,0.6164,4,2,1.0,0.0,5764855.29
FAC-001,2023-04,2023-04-24,24,acute_inpatient,commercial,inpatient,1028.09,203.1,1.2025,10354511.15,3418783.06,510636.59,5580176.31,211186.26,172235.14,5.689,580.28,447.81,24.0,16.0,6.0,5716286.733109838,,5413224.219284739,5413224.219284739,5413224.219284739,0.4534,0.0475,0.5451,0.6164,4,2,1.0,0.0,5764855.29
FAC-001,2023-04,2023-04-27,27,acute_inpatient,commercial,inpatient,1145.75,226.34,1.2025,11539577.84,4074607.77,585648.21,6313687.19,211465.11,162804.97,4.338,646.69,499.06,27.0,19.0,3.0,5716286.733109838,,5413224.219284739,5413224.219284739,5413224.219284739,0.4534,0.0475,0.5451,0.6164,4,2,1.0,0.0,5764855.29
FAC-001,2023-05,2023-05-07,7,acute_inpatient,commercial,inpatient,321.09,63.43,1.2025,3245961.08,221132.29,151532.13,1826329.05,76090.33,41959.66,5.239,181.23,139.86,7.0,5.0,24.0,5764855.29456433,,5670530.860414588,5501131.988104637,5501131.988104637,0.4534,0.0475,0.5451,0.6164,5,2,0.866025,-0.5,5786386.89
FAC-001,2023-05,2023-05-10,10,acute_inpatient,commercial,inpatient,445.79,88.07,1.2025,4506642.54,725099.97,219304.06,2443799.6,73630.37,73874.89,4.759,251.62,194.18,10.0,8.0,21.0,5764855.29456433,,5670530.860414588,5501131.988104637,5501131.988104637,0.4534,0.0475,0.5451,0.6164,5,2,0.866025,-0.5,5786386.89
FAC-001,2023-05,2023-05-12,12,acute_inpatient,commercial,inpatient,527.21,104.15,1.2025,5329664.34,1089875.93,239790.64,2829294.08,111154.31,78432.05,5.209,297.57,229.64,12.0,10.0,19.0,5764855.29456433,,5670530.860414588,5501131.988104637,5501131.988104637,0.4534,0.0475,0.5451,0.6164,5,2,0.866025,-0.5,5786386.89
FAC-001,2023-05,2023-05-15,15,acute_inpatient,commercial,inpatient,647.35,127.88,1.2025,6544207.63,1674638.77,331614.74,3518493.4,111554.42,108639.3,4.891,365.38,281.97,15.0,11.0,16.0,5764855.29456433,,5670530.860414588,5501131.988104637,5501131.988104637,0.4534,0.0475,0.5451,0.6164,5,2,0.866025,-0.5,5786386.89
FAC-001,2023-05,2023-05-18,18,acute_inpatient,commercial,inpatient,765.57,151.24,1.2025,7739338.04,2288704.36,374935.05,4196772.29,160185.35,138739.39,6.049,432.11,333.46,18.0,14.0,13.0,5764855.29456433,,5670530.860414588,5501131.988104637,5501131.988104637,0.4534,0.0475,0.5451,0.6164,5,2,0.866025,-0.5,5786386.89
FAC-001,2023-05,2023-05-21,21,acute_inpatient,commercial,inpatient,882.22,174.28,1.2025,8918562.55,2785282.8,427332.16,5071022.11,163287.09,138234.2,5.038,497.95,384.27,21.0,15.0,10.0,5764855.29456433,,5670530.860414588,5501131.988104637,5501131.988104637,0.4534,0.0475,0.5451,0.6164,5,2,0.866025,-0.5,5786386.89
FAC-001,2023-05,2023-05-24,24,acute_inpatient,commercial,inpatient,997.54,197.06,,10084339.4,3381446.47,459377.08,5147692.07,159877.45,134362.97,4.83,563.04,434.5,24.0,18.0,7.0,5764855.29456433,,5670530.860414588,5501131.988104637,5501131.988104637,0.4534,0.0475,0.5451,0.6164,5,2,0.866025,-0.5,5786386.89
FAC-001,2023-05,2023-05-27,27,acute_inpatient,commercial,inpatient,1111.71,219.62,1.2025,11238485.11,3890462.97,585956.89,6397402.37,203144.81,174438.85,4.855,627.48,484.23,27.0,20.0,4.0,5764855.29456433,,5670530.860414588,5501131.988104637,5501131.988104637,0.4534,0.0475,0.5451,0.6164,5,2,0.866025,-0.5,5786386.89
FAC-001,2023-06,2023-06-07,7,acute_inpatient,commercial,inpatient,330.92,65.37,1.2025,3461870.51,273464.92,166082.04,1933889.09,66888.47,57452.43,4.501,186.78,144.14,7.0,5.0,23.0,5786386.889714151,,5755842.972462773,5558182.96842654,5558182.96842654,0.4534,0.0475,0.5451,0.6164,6,2,0.5,-0.866025,5987889.47
FAC-001,2023-06,2023-06-10,10,acute_inpatient,commercial,inpatient,459.45,90.76,1.2025,4806407.87,836131.84,258143.05,2643470.11,109905.38,72755.94,5.33,259.32,200.12,10.0,7.0,20.0,5786386.889714151,,5755842.972462773,5558182.96842654,5558182.96842654,0.4534,0.0475,0.5451,0.6164,6,2,0.5,-0.866025,5987889.47
FAC-001,2023-06,2023-06-12,12,acute_inpatient,commercial,inpatient,543.35,107.34,1.2025,5684174.06,1219206.14,267890.45,3001970.76,118575.3,78002.18,5.371,306.68,236.67,12.0,8.0,18.0,5786386.889714151,,5755842.972462773,5558182.96842654,5558182.96842654,0.4534,0.0475,0.5451,0.6164,6,2,0.5,-0.866025,5987889.47
FAC-001,2023-06,2023-06-15,15,acute_inpatient,commercial,inpatient,667.18,131.8,1.2025,6979504.33,1868942.61,337845.19,3761134.99,145927.0,101460.99,5.5,376.57,290.6,15.0,11.0,15.0,5786386.889714151,,5755842.972462773,5558182.96842654,5558182.96842654,0.4534,0.0475,0.5451,0.6164,6,2,0.5,-0.866025,5987889.47
FAC-001,2023-06,2023-06-18,18,acute_inpatient,commercial,inpatient,789.02,155.87,1.2025,8254130.43,2275851.44,385769.55,4141219.87,140401.75,140698.2,5.481,445.34,343.68,18.0,12.0,12.0,5786386.889714151,,5755842.972462773,5558182.96842654,5558182.96842654,0.4534,0.0475,0.5451,0.6164,6,2,0.5,-0.866025,5987889.47
FAC-001,2023-06,2023-06-21,21,acute_inpatient,commercial,inpatient,909.24,179.62,1.2025,9511792.63,2948496.74,418168.59,4570254.49,179896.62,177210.62,5.26,513.2,396.04,21.0,15.0,9.0,5786386.889714151,,5755842.972462773,5558182.96842654,5558182.96842654,0.4534,0.0475,0.5451,0.6164,6,2,0.5,-0.866025,5987889.47
FAC-001,2023-06,2023-06-24,24,acute_inpatient,commercial,inpatient,1028.09,203.1,1.2025,10755112.68,3563958.08,523123.82,5496806.95,208706.76,162931.53,5.009,580.28,447.81,24.0,17.0,6.0,5786386.889714151,,5755842.972462773,5558182.96842654,5558182.96842654,0.4534,0.0475,0.5451,0.6164,6,2,0.5,-0.866025,5987889.47
FAC-001,2023-06,2023-06-27,27,acute_inpatient,commercial,inpatient,1145.75,226.34,1.2025,11986027.93,4341660.49,579564.12,6708547.53,223218.86,195932.28,5.834,646.69,499.06,27.0,19.0,3.0,5786386.889714151,,5755842.972462773,5558182.96842654,5558182.96842654,0.4534,0.0475,0.5451,0.6164,6,2,0.5,-0.866025,5987889.47
FAC-001,2023-07,2023-07-07,7,acute_inpatient,commercial,inpatient,321.09,63.43,1.2025,2908152.03,197618.11,132101.04,1670009.85,57050.13,49746.07,4.838,181.23,139.86,7.0,5.0,24.0,5987889.4675127845,,5846377.217263755,5629800.718274247,5629800.718274247,0.4534,0.0475,0.5451,0.6164,7,3,0.0,-1.0,5184194.25
FAC-001,2023-07,2023-07-10,10,acute_inpatient,commercial,inpatient,445.79,88.07,1.2025,4037633.64,699842.51,193187.41,2223747.5,93388.19,58373.46,4.598,251.62,194.18,10.0,6.0,21.0,5987889.4675127845,,5846377.217263755,5629800.718274247,5629800.718274247,0.4534,0.0475,0.5451,0.6164,7,3,0.0,-1.0,5184194.25
FAC-001,2023-07,2023-07-12,12,acute_inpatient,commercial,inpatient,527.21,104.15,1.2025,4775003.08,978992.4,232109.34,2439946.0,101587.91,67766.09,5.603,297.57,229.64,12.0,8.0,19.0,5987889.4675127845,,5846377.217263755,5629800.718274247,5629800.718274247,0.4534,0.0475,0.5451,0.6164,7,3,0.0,-1.0,5184194.25
FAC-001,2023-07,2023-07-15,15,acute_inpatient,commercial,inpatient,647.35,127.88,1.2025,5863148.15,1377632.84,267739.19,2980537.62,107574.35,90125.38,4.964,365.38,281.97,15.0,10.0,16.0,5987889.4675127845,,5846377.217263755,5629800.718274247,5629800.718274247,0.4534,0.0475,0.5451,0.6164,7,3,0.0,-1.0,5184194.25
FAC-001,2023-07,2023-07-18,18,acute_inpatient,commercial,inpatient,765.57,151.24,1.2025,6933900.64,1969088.96,,3810589.91,124691.84,111360.35,5.369,432.11,333.46,18.0,12.0,13.0,5987889.4675127845,,5846377.217263755,5629800.718274247,5629800.718274247,0.4534,0.0475,0.5451,0.6164,7,3,0.0,-1.0,5184194.25
FAC-001,2023-07,2023-07-21,21,acute_inpatient,commercial,inpatient,882.22,174.28,1.2025,7990402.58,2518998.58,390386.35,4407409.05,192330.16,118812.16,4.903,497.95,384.27,21.0,15.0,10.0,5987889.4675127845,,5846377.217263755,5629800.718274247,5629800.718274247,0.4534,0.0475,0.5451,0.6164,7,3,0.0,-1.0,5184194.25
FAC-001,2023-07,2023-07-24,24,acute_inpatient,commercial,inpatient,997.54,197.06,1.2025,9034856.35,2933427.37,407298.55,4679954.3,164636.81,134564.96,5.211,563.04,434.5,24.0,16.0,7.0,5987889.4675127845,,5846377.217263755,5629800.718274247,5629800.718274247,0.4534,0.0475,0.5451,0.6164,7,3,0.0,-1.0,5184194.25
FAC-001,2023-07,2023-07-27,27,acute_inpatient,commercial,inpatient,1111.71,219.62,1.2025,10068889.45,3521905.82,460296.59,5686435.28,216267.92,148622.12,4.736,627.48,484.23,27.0,19.0,4.0,5987889.4675127845,,5846377.217263755,5629800.718274247,5629800.718274247,0.4534,0.0475,0.5451,0.6164,7,3,0.0,-1.0,5184194.25
FAC-001,2023-08,2023-08-07,7,acute_inpatient,commercial,inpatient,321.09,63.43,1.2025,2965374.8,210961.87,142281.49,1522862.56,58904.32,45646.17,4.618,181.23,139.86,7.0,5.0,24.0,5184194.2525913175,,5652823.536606084,5661677.198510337,5566142.651748114,0.4534,0.0475,0.5451,0.6164,8,3,-0.5,-0.866025,5286201.98
FAC-001,2023-08,2023-08-10,10,acute_inpatient,commercial,inpatient,445.79,88.07,1.2025,4117080.86,687660.02,181466.5,2364274.77,92617.44,60196.76,5.225,251.62,194.18,10.0,8.0,21.0,5184194.2525913175,,5652823.536606084,5661677.198510337,5566142.651748114,0.4534,0.0475,0.5451,0.6164,8,3,-0.5,-0.866025,5286201.98
FAC-001,2023-08,2023-08-12,12,acute_inpatient,commercial,inpatient,527.21,104.15,1.2025,4868959.28,938716.4,218060.65,2622999.06,86938.84,78251.94,6.011,297.57,229.64,12.0,9.0,19.0,5184194.2525913175,,5652823.536606084,5661677.198510337,5566142.651748114,0.4534,0.0475,0.5451,0.6164,8,3,-0.5,-0.866025,5286201.98
FAC-001,2023-08,2023-08-15,15,acute_inpatient,commercial,inpatient,647.35,127.88,1.2025,5978515.43,1460025.37,272284.2,3289728.44,138834.47,78715.76,5.17,365.38,281.97,15.0,11.0,16.0,5184194.2525913175,,5652823.536606084,5661677.198510337,5566142.651748114,0.4534,0.0475,0.5451,0.6164,8,3,-0.5,-0.866025,5286201.98
FAC-001,2023-08,2023-08-18,18,acute_inpatient,commercial,inpatient,765.57,151.24,1.2025,7070336.78,2133759.48,308326.33,3656713.02,135416.65,100533.95,5.441,432.11,333.46,18.0,14.0,13.0,5184194.2525913175,,5652823.536606084,5661677.198510337,5566142.651748114,0.4534,0.0475,0.5451,0.6164,8,3,-0.5,-0.866025,5286201.98
FAC-001,2023-08,2023-08-21,21,acute_inpatient,commercial,inpatient,882.22,174.28,1.2025,28929125.37470476,2557641.99,352919.51,4533038.16,,137789.99,4.749,497.95,384.27,21.0,15.0,10.0,5184194.2525913175,,5652823.536606084,5661677.198510337,5566142.651748114,0.4534,0.0475,0.5451,0.6164,8,3,-0.5,-0.866025,5286201.98
FAC-001,2023-08,2023-08-24,24,acute_inpatient,commercial,inpatient,997.54,197.06,1.2025,9212632.32,3001881.18,449763.48,5175288.94,192509.0,114896.3,5.309,563.04,434.5,24.0,18.0,7.0,5184194.2525913175,,5652823.536606084,5661677.198510337,5566142.651748114,0.4534,0.0475,0.5451,0.6164,8,3,-0.5,-0.866025,5286201.98
FAC-001,2023-08,2023-08-27,27,acute_inpatient,commercial,inpatient,1111.71,219.62,1.2025,10267011.76,3474442.15,493775.2,5278065.11,214505.02,141583.14,4.434,627.48,484.23,27.0,19.0,4.0,5184194.2525913175,,5652823.536606084,5661677.198510337,5566142.651748114,0.4534,0.0475,0.5451,0.6164,8,3,-0.5,-0.866025,5286201.98
FAC-001,2023-09,2023-09-07,7,acute_inpatient,commercial,inpatient,330.92,65.37,1.2025,2634290.26,214376.57,126731.77,1400748.86,60331.46,37773.14,5.066,186.78,144.14,7.0,5.0,23.0,5286201.978902172,,5486095.233002092,5620969.102732432,5531150.067642372,0.4534,0.0475,0.5451,0.6164,9,3,-0.866025,-0.5,4556449.71
FAC-001,2023-09,2023-09-10,10,acute_inpatient,commercial,inpatient,459.45,90.76,1.2025,3657408.16,641260.6,168465.42,2031315.67,69246.06,52602.83,5.706,259.32,200.12,10.0,6.0,20.0,5286201.978902172,,5486095.233002092,5620969.102732432,5531150.067642372,0.4534,0.0475,0.5451,0.6164,9,3,-0.866025,-0.5,4556449.71
FAC-001,2023-09,2023-09-12,12,acute_inpatient,commercial,inpatient,543.35,107.34,1.2025,4325339.24,900319.48,180797.93,2509782.06,108560.2,62250.7,4.119,306.68,236.67,12.0,8.0,18.0,5286201.978902172,,5486095.233002092,5620969.102732432,5531150.067642372,0.4534,0.0475,0.5451,0.6164,9,3,-0.866025,-0.5,4556449.71
FAC-001,2023-09,2023-09-15,15,acute_inpatient,commercial,inpatient,667.18,131.8,1.2025,5311013.28,1364488.43,248841.79,2873168.88,94393.83,84282.28,5.303,376.57,290.6,15.0,11.0,15.0,5286201.978902172,,5486095.233002092,5620969.102732432,5531150.067642372,0.4534,0.0475,0.5451,0.6164,9,3,-0.866025,-0.5,4556449.71
FAC-001,2023-09,2023-09-18,18,acute_inpatient,commercial,inpatient,789.02,155.87,1.2025,6280932.61,1750322.29,308996.61,3705016.77,127778.79,91035.91,4.982,445.34,343.68,18.0,12.0,12.0,5286201.978902172,,5486095.233002092,5620969.102732432,5531150.067642372,0.4534,0.0475,0.5451,0.6164,9,3,-0.866025,-0.5,4556449.71
FAC-001,2023-09,2023-09-21,21,acute_inpatient,commercial,inpatient,909.24,179.62,1.2025,7237943.36,2335463.53,314277.9,3971524.71,139106.56,128630.83,4.967,513.2,396.04,21.0,15.0,9.0,5286201.978902172,,5486095.233002092,5620969.102732432,5531150.067642372,0.4534,0.0475,0.5451,0.6164,9,3,-0.866025,-0.5,4556449.71
FAC-001,2023-09,2023-09-24,24,acute_inpatient,commercial,inpatient,1028.09,203.1,1.2025,8184040.53,2896291.73,367552.76,4566118.82,168908.78,112092.13,5.136,580.28,447.81,24.0,16.0,6.0,5286201.978902172,,5486095.233002092,5620969.102732432,5531150.067642372,0.4534,0.0475,0.5451,0.6164,9,3,-0.866025,-0.5,4556449.71
FAC-001,2023-09,2023-09-27,27,acute_inpatient,commercial,inpatient,1145.75,226.34,1.2025,9120698.34,3344589.85,426526.07,4635424.02,182093.6,124464.38,4.886,646.69,499.06,27.0,19.0,3.0,5286201.978902172,,5486095.233002092,5620969.102732432,5531150.067642372,0.4534,0.0475,0.5451,0.6164,9,3,-0.866025,-0.5,4556449.71
FAC-001,2023-10,2023-10-07,7,acute_inpatient,commercial,inpatient,321.09,63.43,1.2025,2665921.14,186131.61,115915.18,1359340.06,55888.73,37898.53,3.817,181.23,139.86,7.0,5.0,24.0,4556449.713295917,,5008948.648263135,5427662.932763446,5422850.028270544,0.4534,0.0475,0.5451,0.6164,10,4,-1.0,-0.0,4752383.27
FAC-001,2023-10,2023-10-10,10,acute_inpatient,commercial,inpatient,445.79,88.07,1.2025,3701323.99,629190.48,178335.46,1960067.38,64278.45,60160.25,5.218,251.62,194.18,10.0,7.0,21.0,4556449.713295917,,5008948.648263135,5427662.932763446,5422850.028270544,0.4534,0.0475,0.5451,0.6164,10,4,-1.0,-0.0,4752383.27
FAC-001,2023-10,2023-10-12,12,acute_inpatient,commercial,inpatient,527.21,104.15,1.2025,4377275.17,974712.97,212441.66,2423164.67,86084.12,71022.01,5.351,297.57,229.64,12.0,9.0,19.0,4556449.713295917,,5008948.648263135,5427662.932763446,5422850.028270544,0.4534,0.0475,0.5451,0.6164,10,4,-1.0,-0.0,4752383.27
FAC-001,2023-10,2023-10-15,15,acute_inpatient,commercial,inpatient,647.35,127.88,1.2025,5374784.55,1411708.06,248826.48,2878898.1,102345.54,86997.35,5.771,365.38,281.97,15.0,10.0,16.0,4556449.713295917,,5008948.648263135,5427662.932763446,5422850.028270544,0.4534,0.0475,0.5451,0.6164,10,4,-1.0,-0.0,4752383.27
FAC-001,2023-10,2023-10-18,18,acute_inpatient,commercial,inpatient,765.57,151.24,1.2025,6356350.06,1793864.65,295726.8,3508533.08,124002.71,104422.63,3.967,432.11,333.46,18.0,13.0,13.0,4556449.713295917,,5008948.648263135,5427662.932763446,5422850.028270544,0.4534,0.0475,0.5451,0.6164,10,4,-1.0,-0.0,4752383.27
FAC-001,2023-10,2023-10-21,21,acute_inpatient,commercial,inpatient,882.22,174.28,1.2025,7324851.98,2226196.28,334559.77,3622352.87,132380.02,99817.71,4.954,497.95,384.27,21.0,15.0,10.0,4556449.713295917,,5008948.648263135,5427662.932763446,5422850.028270544,0.4534,0.0475,0.5451,0.6164,10,4,-1.0,-0.0,4752383.27
FAC-001,2023-10,2023-10-24,24,acute_inpatient,commercial,inpatient,997.54,197.06,1.2025,8282309.28,2843148.94,388868.91,4328729.06,164702.76,137269.01,4.581,563.04,434.5,24.0,17.0,7.0,4556449.713295917,,5008948.648263135,5427662.932763446,5422850.028270544,0.4534,0.0475,0.5451,0.6164,10,4,-1.0,-0.0,4752383.27
FAC-001,2023-10,2023-10-27,27,acute_inpatient,commercial,inpatient,1111.71,219.62,1.2025,9230213.89,3135547.15,451003.91,4987028.08,196557.12,138264.26,5.388,627.48,484.23,27.0,20.0,4.0,4556449.713295917,,5008948.648263135,5427662.932763446,5422850.028270544,0.4534,0.0475,0.5451,0.6164,10,4,-1.0,-0.0,4752383.27
FAC-001,2023-11,2023-11-07,7,acute_inpatient,commercial,inpatient,330.92,65.37,1.2025,2854788.48,220386.95,135618.06,1543099.9,50153.55,36126.73,5.38,186.78,144.14,7.0,5.0,23.0,4752383.270800873,,4865011.654332988,5258917.595469535,5355803.3525235765,0.4534,0.0475,0.5451,0.6164,11,4,-0.866025,0.5,4937838.62
FAC-001,2023-11,2023-11-10,10,acute_inpatient,commercial,inpatient,459.45,90.76,1.2025,3963544.51,682116.5,178773.79,2152312.84,88212.8,45893.46,4.331,259.32,200.12,10.0,8.0,20.0,4752383.270800873,,4865011.654332988,5258917.595469535,5355803.3525235765,0.4534,0.0475,0.5451,0.6164,11,4,-0.866025,0.5,4937838.62
FAC-001,2023-11,2023-11-12,12,acute_inpatient,commercial,inpatient,543.35,107.34,1.2025,4687383.49,979235.12,239089.3,2584090.17,100941.09,62294.2,4.512,306.68,236.67,12.0,8.0,18.0,4752383.270800873,,4865011.654332988,5258917.595469535,5355803.3525235765,0.4534,0.0475,0.5451,0.6164,11,4,-0.866025,0.5,4937838.62
FAC-001,2023-11,2023-11-15,15,acute_inpatient,commercial,inpatient,667.18,131.8,1.2025,5755561.48,1512655.45,274383.09,3206364.07,112950.93,88734.73,5.127,376.57,290.6,15.0,11.0,15.0,4752383.270800873,,4865011.654332988,5258917.595469535,5355803.3525235765,0.4534,0.0475,0.5451,0.6164,11,4,-0.866025,0.5,4937838.62
FAC-001,2023-11,2023-11-18,18,acute_inpatient,commercial,inpatient,789.02,155.87,1.2025,6806666.05,2032196.2,336604.69,3470060.11,105540.51,112327.81,5.622,445.34,343.68,18.0,13.0,12.0,4752383.270800873,,4865011.654332988,5258917.595469535,5355803.3525235765,0.4534,0.0475,0.5451,0.6164,11,4,-0.866025,0.5,4937838.62
FAC-001,2023-11,2023-11-21,21,acute_inpatient,commercial,inpatient,909.24,179.62,1.2025,7843781.56,2408990.26,338176.01,4292775.54,171478.21,138806.63,5.299,513.2,396.04,21.0,15.0,9.0,4752383.270800873,,4865011.654332988,5258917.595469535,5355803.3525235765,0.4534,0.0475,0.5451,0.6164,11,4,-0.866025,0.5,4937838.62
FAC-001,2023-11,2023-11-24,24,acute_inpatient,commercial,inpatient,1028.09,203.1,1.2025,8869069.98,2955819.6,402757.56,4836961.64,172073.0,119531.99,6.036,580.28,447.81,24.0,18.0,6.0,4752383.270800873,,4865011.654332988,5258917.595469535,5355803.3525235765,0.4534,0.0475,0.5451,0.6164,11,4,-0.866025,0.5,4937838.62
FAC-001,2023-11,2023-11-27,27,acute_inpatient,commercial,inpatient,1145.75,226.34,1.2025,9884128.94,3684624.6,496521.76,5189615.91,214584.82,157745.16,5.263,646.69,499.06,27.0,19.0,3.0,4752383.270800873,,4865011.654332988,5258917.595469535,5355803.3525235765,0.4534,0.0475,0.5451,0.6164,11,4,-0.866025,0.5,4937838.62
FAC-001,2023-12,2023-12-07,7,acute_inpatient,commercial,inpatient,321.09,63.43,1.2025,2946436.78,213952.9,144505.87,1653718.48,62681.94,45702.73,4.193,181.23,139.86,7.0,5.0,24.0,4937838.6176426485,,4748890.533913146,5117492.883457619,5317806.558443492,0.4534,0.0475,0.5451,0.6164,12,4,-0.5,0.866025,5252442.26
FAC-001,2023-12,2023-12-10,10,acute_inpatient,commercial,inpatient,445.79,88.07,1.2025,4090787.59,681103.34,189044.63,2115827.2,95575.66,71971.24,5.704,251.62,194.18,10.0,6.0,21.0,4937838.6176426485,,4748890.533913146,5117492.883457619,5317806.558443492,0.4534,0.0475,0.5451,0.6164,12,4,-0.5,0.866025,5252442.26
FAC-001,2023-12,2023-12-12,12,acute_inpatient,commercial,inpatient,527.21,104.15,1.2025,4837864.23,1013108.03,,2638509.66,98719.5,64632.86,5.241,297.57,229.64,12.0,8.0,19.0,4937838.6176426485,,4748890.533913146,5117492.883457619,5317806.558443492,0.4534,0.0475,0.5451,0.6164,12,4,-0.5,0.866025,5252442.26
FAC-001,2023-12,2023-12-15,15,acute_inpatient,commercial,inpatient,647.35,127.88,1.2025,5940334.33,1506506.47,263977.54,3231590.1,117859.45,105122.19,5.481,365.38,281.97,15.0,11.0,16.0,4937838.6176426485,,4748890.533913146,5117492.883457619,5317806.558443492,0.4534,0.0475,0.5451,0.6164,12,4,-0.5,0.866025,5252442.26
FAC-001,2023-12,2023-12-18,18,acute_inpatient,commercial,inpatient,765.57,151.24,1.2025,7025182.89,2010982.44,338090.32,3836371.73,137652.64,93971.37,4.978,432.11,333.46,18.0,12.0,13.0,4937838.6176426485,,4748890.533913146,5117492.883457619,5317806.558443492,0.4534,0.0475,0.5451,0.6164,12,4,-0.5,0.866025,5252442.26
FAC-001,2023-12,2023-12-21,21,acute_inpatient,commercial,inpatient,882.22,174.28,,8095593.28,2466544.01,360760.29,4503349.04,168246.9,99737.21,4.991,497.95,384.27,21.0,15.0,10.0,4937838.6176426485,,4748890.533913146,5117492.883457619,5317806.558443492,0.4534,0.0475,0.5451,0.6164,12,4,-0.5,0.866025,5252442.26
FAC-001,2023-12,2023-12-24,24,acute_inpatient,commercial,inpatient,997.54,197.06,1.2025,9153796.9,3131615.7,458162.68,5194714.03,183788.35,125703.89,4.529,563.04,434.5,24.0,16.0,7.0,4937838.6176426485,,4748890.533913146,5117492.883457619,5317806.558443492,0.4534,0.0475,0.5451,0.6164,12,4,-0.5,0.866025,5252442.26
FAC-001,2023-12,2023-12-27,27,acute_inpatient,commercial,inpatient,1111.71,219.62,1.2025,10201442.66,3599636.93,494113.26,5847412.85,226471.61,150998.26,4.452,627.48,484.23,27.0,19.0,4.0,4937838.6176426485,,4748890.533913146,5117492.883457619,5317806.558443492,0.4534,0.0475,0.5451,0.6164,12,4,-0.5,0.866025,5252442.26
FAC-001,2024-01,2024-01-07,7,acute_inpatient,commercial,inpatient,321.09,63.43,1.2025,3137540.77,217494.81,150760.35,1696524.93,59124.48,48253.27,4.808,181.23,139.86,7.0,5.0,24.0,5252442.25540688,4992935.371174781,4980888.047950134,4994918.348106635,5312359.533190441,0.4534,0.0475,0.5451,0.6164,1,1,0.0,1.0,5593112.28
FAC-001,2024-01,2024-01-10,10,acute_inpatient,commercial,inpatient,445.79,88.07,1.2025,4356113.44,709832.86,210288.85,2336440.78,89248.96,67126.86,4.502,251.62,194.18,10.0,8.0,21.0,5252442.25540688,4992935.371174781,4980888.047950134,4994918.348106635,5312359.533190441,0.4534,0.0475,0.5451,0.6164,1,1,0.0,1.0,5593112.28
FAC-001,2024-01,2024-01-12,12,acute_inpatient,commercial,inpatient,527.21,104.15,1.2025,5151644.99,1055163.66,262483.35,2677749.6,81224.4,62887.33,5.064,297.57,229.64,12.0,10.0,19.0,5252442.25540688,4992935.371174781,4980888.047950134,4994918.348106635,5312359.533190441,0.4534,0.0475,0.5451,0.6164,1,1,0.0,1.0,5593112.28
FAC-001,2024-01,2024-01-15,15,acute_inpatient,commercial,inpatient,647.35,127.88,1.2025,6325620.59,1602801.86,298915.06,3615723.81,92697.74,98641.1,5.802,365.38,281.97,15.0,11.0,16.0,5252442.25540688,4992935.371174781,4980888.047950134,4994918.348106635,5312359.533190441,0.4534,0.0475,0.5451,0.6164,1,1,0.0,1.0,5593112.28
FAC-001,2024-01,2024-01-18,18,acute_inpatient,commercial,inpatient,765.57,151.24,1.2025,7480831.73,2068251.96,348842.39,3955173.17,136235.73,108551.41,5.737,432.11,333.46,18.0,14.0,13.0,5252442.25540688,4992935.371174781,4980888.047950134,4994918.348106635,5312359.533190441,0.4534,0.0475,0.5451,0.6164,1,1,0.0,1.0,5593112.28
FAC-001,2024-01,2024-01-21,21,acute_inpatient,commercial,inpatient,882.22,174.28,1.2025,8620668.25,2834750.66,402893.46,5057438.03,173026.75,151987.01,5.006,497.95,384.27,21.0,15.0,10.0,5252442.25540688,4992935.371174781,4980888.047950134,4994918.348106635,5312359.533190441,0.4534,0.0475,0.5451,0.6164,1,1,0.0,1.0,5593112.28
FAC-001,2024-01,2024-01-24,24,acute_inpatient,commercial,inpatient,997.54,197.06,1.2025,9747506.28,3250738.61,471806.74,5989251.01,211545.95,135871.5,5.517,563.04,434.5,24.0,18.0,7.0,5252442.25540688,4992935.371174781,4980888.047950134,4994918.348106635,5312359.533190441,0.4534,0.0475,0.5451,0.6164,1,1,0.0,1.0,5593112.28
FAC-001,2024-01,2024-01-27,27,acute_inpatient,commercial,inpatient,1111.71,219.62,1.2025,10863101.67,3752702.78,503724.13,6136962.68,217937.41,167485.82,5.057,627.48,484.23,27.0,20.0,4.0,5252442.25540688,4992935.371174781,4980888.047950134,4994918.348106635,5312359.533190441,0.4534,0.0475,0.5451,0.6164,1,1,0.0,1.0,5593112.28
FAC-001,2024-02,2024-02-07,7,acute_inpatient,commercial,inpatient,341.41,67.44,,3535982.7,319678.99,171651.48,1778206.62,75433.63,47831.13,4.357,192.7,148.71,7.0,5.0,22.0,5593112.279620176,5530450.553569598,5261131.050889901,5063071.352611445,5362374.27556089,0.4534,0.0475,0.5451,0.6164,2,1,0.5,0.866025,5928266.12
FAC-001,2024-02,2024-02-10,10,acute_inpatient,commercial,inpatient,474.0,93.64,1.2025,4909304.1,891348.19,234339.67,2601943.86,106345.66,63755.84,4.855,267.54,206.46,10.0,7.0,19.0,5593112.279620176,5530450.553569598,5261131.050889901,5063071.352611445,5362374.27556089,0.4534,0.0475,0.5451,0.6164,2,1,0.5,0.866025,5928266.12
FAC-001,2024-02,2024-02-12,12,acute_inpatient,commercial,inpatient,560.57,110.74,1.2025,5805861.63,1266231.46,275334.07,3200220.54,104413.86,93395.55,5.081,316.4,244.17,12.0,8.0,17.0,5593112.279620176,5530450.553569598,5261131.050889901,5063071.352611445,5362374.27556089,0.4534,0.0475,0.5451,0.6164,2,1,0.5,0.866025,5928266.12
FAC-001,2024-02,2024-02-15,15,acute_inpatient,commercial,inpatient,688.31,135.98,1.2025,7128922.5,1786029.15,305682.39,3884235.11,139427.93,105827.93,5.037,388.5,299.81,15.0,11.0,14.0,5593112.279620176,5530450.553569598,5261131.050889901,5063071.352611445,5362374.27556089,0.4534,0.0475,0.5451,0.6164,2,1,0.5,0.866025,5928266.12
FAC-001,2024-02,2024-02-18,18,acute_inpatient,commercial,inpatient,814.01,160.81,1.2025,8430835.97,2524620.32,419741.61,4391595.91,148855.32,112636.09,5.189,459.45,354.56,18.0,12.0,11.0,5593112.279620176,5530450.553569598,5261131.050889901,5063071.352611445,5362374.27556089,0.4534,0.0475,0.5451,0.6164,2,1,0.5,0.866025,5928266.12
FAC-001,2024-02,2024-02-21,21,acute_inpatient,commercial,inpatient,938.04,185.31,1.2025,9715422.37,3245987.12,451854.77,4766142.92,161198.43,133591.38,4.782,529.46,408.59,21.0,15.0,8.0,5593112.279620176,5530450.553569598,5261131.050889901,5063071.352611445,5362374.27556089,0.4534,0.0475,0.5451,0.6164,2,1,0.5,0.866025,5928266.12
FAC-001,2024-02,2024-02-24,24,acute_inpatient,commercial,inpatient,1060.66,209.53,1.2025,10985359.58,3710534.46,523187.46,5913714.0,242761.94,153640.95,4.636,598.66,462.0,24.0,17.0,5.0,5593112.279620176,5530450.553569598,5261131.050889901,5063071.352611445,5362374.27556089,0.4534,0.0475,0.5451,0.6164,2,1,0.5,0.866025,5928266.12
FAC-001,2024-02,2024-02-27,27,acute_inpatient,commercial,inpatient,1182.05,233.51,1.2025,12242626.43,4452104.61,537260.47,6777783.53,247363.57,180931.77,5.814,667.18,514.87,27.0,19.0,2.0,5593112.279620176,5530450.553569598,5261131.050889901,5063071.352611445,5362374.27556089,0.4534,0.0475,0.5451,0.6164,2,1,0.5,0.866025,5928266.12
FAC-001,2024-03,2024-03-07,7,acute_inpatient,commercial,inpatient,321.09,63.43,1.2025,3305106.66,227007.06,173289.78,1785448.18,57660.78,49923.24,4.533,181.23,139.86,7.0,5.0,24.0,5928266.123162248,5716286.733109838,5591273.552729768,5170082.043321457,5395525.573026945,0.4534,0.0475,0.5451,0.6164,3,1,0.866025,0.5,5891822.3
FAC-001,2024-03,2024-03-10,10,acute_inpatient,commercial,inpatient,445.79,88.07,1.2025,4588759.36,744914.81,222453.05,2557035.34,86065.23,75627.84,5.607,251.62,194.18,10.0,6.0,21.0,5928266.123162248,5716286.733109838,5591273.552729768,5170082.043321457,5395525.573026945,0.4534,0.0475,0.5451,0.6164,3,1,0.866025,0.5,5891822.3
FAC-001,2024-03,2024-03-12,12,acute_inpatient,commercial,inpatient,527.21,104.15,1.2025,5426777.67,1176394.62,264785.78,3119604.88,88122.2,78813.85,4.633,297.57,229.64,12.0,8.0,19.0,5928266.123162248,5716286.733109838,5591273.552729768,5170082.043321457,5395525.573026945,0.4534,0.0475,0.5451,0.6164,3,1,0.866025,0.5,5891822.3
FAC-001,2024-03,2024-03-15,15,acute_inpatient,commercial,inpatient,647.35,127.88,1.2025,6663451.51,1692871.18,307691.66,3608268.33,158352.59,98255.39,5.249,365.38,281.97,15.0,11.0,16.0,5928266.123162248,5716286.733109838,5591273.552729768,5170082.043321457,5395525.573026945,0.4534,0.0475,0.5451,0.6164,3,1,0.866025,0.5,5891822.3
FAC-001,2024-03,2024-03-18,18,acute_inpatient,commercial,inpatient,765.57,151.24,1.2025,7880358.73,2239292.09,376004.51,4296810.23,164673.08,131979.94,5.843,432.11,333.46,18.0,12.0,13.0,5928266.123162248,5716286.733109838,5591273.552729768,5170082.043321457,5395525.573026945,0.4534,0.0475,0.5451,0.6164,3,1,0.866025,0.5,5891822.3
FAC-001,2024-03,2024-03-21,21,acute_inpatient,commercial,inpatient,882.22,174.28,1.2025,9081070.23,2856431.56,444385.53,4722427.99,180025.37,149024.31,5.467,497.95,384.27,21.0,15.0,10.0,5928266.123162248,5716286.733109838,5591273.552729768,5170082.043321457,5395525.573026945,0.4534,0.0475,0.5451,0.6164,3,1,0.866025,0.5,5891822.3
FAC-001,2024-03,2024-03-24,24,acute_inpatient,commercial,inpatient,997.54,197.06,1.2025,10268089.03,3432592.76,509717.06,5707267.03,230011.48,158478.08,4.879,563.04,434.5,24.0,16.0,7.0,5928266.123162248,5716286.733109838,5591273.552729768,5170082.043321457,5395525.573026945,0.4534,0.0475,0.5451,0.6164,3,1,0.866025,0.5,5891822.3
FAC-001,2024-03,2024-03-27,27,acute_inpatient,commercial,inpatient,1111.71,219.62,1.2025,11443264.76,4036770.18,464242.0,6333541.34,145365.79,142065.9,5.268,627.48,484.23,27.0,19.0,4.0,5928266.123162248,5716286.733109838,5591273.552729768,5170082.043321457,5395525.573026945,0.4534,0.0475,0.5451,0.6164,3,1,0.866025,0.5,5891822.3
FAC-001,2024-04,2024-04-07,7,acute_inpatient,commercial,inpatient,330.92,65.37,1.2025,3442906.15,278236.63,154143.84,1823353.11,78295.41,49143.89,6.129,186.78,144.14,7.0,5.0,23.0,5891822.297522343,5764855.29456433,5804400.233434923,5392644.140692528,5410153.536727987,0.4534,0.0475,0.5451,0.6164,4,2,1.0,0.0,5955087.41
FAC-001,2024-04,2024-04-10,10,acute_inpatient,commercial,inpatient,459.45,90.76,1.2025,4780078.05,831345.46,231852.77,2774263.52,96854.2,64514.25,4.998,259.32,200.12,10.0,8.0,20.0,5891822.297522343,5764855.29456433,5804400.233434923,5392644.140692528,5410153.536727987,0.4534,0.0475,0.5451,0.6164,4,2,1.0,0.0,5955087.41
FAC-001,2024-04,2024-04-12,12,acute_inpatient,commercial,inpatient,543.35,107.34,1.2025,5653035.78,1213298.72,,3050073.17,104669.44,92633.68,5.067,306.68,236.67,12.0,10.0,18.0,5891822.297522343,5764855.29456433,5804400.233434923,5392644.140692528,5410153.536727987,0.4534,0.0475,0.5451,0.6164,4,2,1.0,0.0,5955087.41
FAC-001,2024-04,2024-04-15,15,acute_inpatient,commercial,inpatient,667.18,131.8,1.2025,6941270.13,1784824.01,328195.91,3817626.67,147388.35,93710.14,4.549,376.57,290.6,15.0,11.0,15.0,5891822.297522343,5764855.29456433,5804400.233434923,5392644.140692528,5410153.536727987,0.4534,0.0475,0.5451,0.6164,4,2,1.0,0.0,5955087.41
FAC-001,2024-04,2024-04-18,18,acute_inpatient,commercial,inpatient,789.02,155.87,1.2025,8208913.74,2474339.17,382159.27,4221271.84,171464.72,128839.35,4.314,445.34,343.68,18.0,14.0,12.0,5891822.297522343,5764855.29456433,5804400.233434923,5392644.140692528,5410153.536727987,0.4534,0.0475,0.5451,0.6164,4,2,1.0,0.0,5955087.41
FAC-001,2024-04,2024-04-21,21,acute_inpatient,commercial,inpatient,909.24,179.62,1.2025,9459686.39,3017666.8,466196.57,5233930.57,201150.42,121969.38,5.21,513.2,396.04,21.0,15.0,9.0,5891822.297522343,5764855.29456433,5804400.233434923,5392644.140692528,5410153.536727987,0.4534,0.0475,0.5451,0.6164,4,2,1.0,0.0,5955087.41
FAC-001,2024-04,2024-04-24,24,acute_inpatient,commercial,inpatient,1028.09,203.1,1.2025,10696195.45,3572223.51,496161.59,6033797.84,245569.13,189232.33,5.683,580.28,447.81,24.0,18.0,6.0,5891822.297522343,5764855.29456433,5804400.233434923,5392644.140692528,5410153.536727987,0.4534,0.0475,0.5451,0.6164,4,2,1.0,0.0,5955087.41
FAC-001,2024-04,2024-04-27,27,acute_inpatient,commercial,inpatient,1145.75,226.34,1.2025,11920367.66,4203927.28,576618.0,6697399.29,241296.32,181143.65,5.447,646.69,499.06,27.0,20.0,3.0,5891822.297522343,5764855.29456433,5804400.233434923,5392644.140692528,5410153.536727987,0.4534,0.0475,0.5451,0.6164,4,2,1.0,0.0,5955087.41
FAC-001,2024-05,2024-05-07,7,acute_inpatient,commercial,inpatient,321.09,63.43,1.2025,3481329.23,243225.54,159447.96,1866294.98,74040.29,52235.57,5.214,181.23,139.86,7.0,5.0,24.0,5955087.405083123,5786386.889714151,5925058.6085892385,5593094.82973957,5426006.2126045525,0.4534,0.0475,0.5451,0.6164,5,2,0.866025,-0.5,6205964.07
FAC-001,2024-05,2024-05-10,10,acute_inpatient,commercial,inpatient,445.79,88.07,1.2025,4833424.07,818873.13,225446.84,2714520.78,100330.7,63548.8,5.744,251.62,194.18,10.0,8.0,21.0,5955087.405083123,5786386.889714151,5925058.6085892385,5593094.82973957,5426006.2126045525,0.4534,0.0475,0.5451,0.6164,5,2,0.866025,-0.5,6205964.07
FAC-001,2024-05,2024-05-12,12,acute_inpatient,commercial,inpatient,527.21,104.15,1.2025,5716124.07,1170085.61,249225.91,2985744.89,102649.64,86189.2,4.919,297.57,229.64,12.0,8.0,19.0,5955087.405083123,5786386.889714151,5925058.6085892385,5593094.82973957,5426006.2126045525,0.4534,0.0475,0.5451,0.6164,5,2,0.866025,-0.5,6205964.07
FAC-001,2024-05,2024-05-15,15,acute_inpatient,commercial,inpatient,647.35,127.88,1.2025,7018735.21,1758822.75,343967.43,3878099.99,144811.22,109595.74,5.347,365.38,281.97,15.0,11.0,16.0,5955087.405083123,5786386.889714151,5925058.6085892385,5593094.82973957,5426006.2126045525,0.4534,0.0475,0.5451,0.6164,5,2,0.866025,-0.5,6205964.07
FAC-001,2024-05,2024-05-18,18,acute_inpatient,commercial,inpatient,765.57,151.24,1.2025,8300525.82,2225031.38,,4130217.44,166609.15,124450.2,5.553,432.11,333.46,18.0,13.0,13.0,5955087.405083123,5786386.889714151,5925058.6085892385,5593094.82973957,5426006.2126045525,0.4534,0.0475,0.5451,0.6164,5,2,0.866025,-0.5,6205964.07
FAC-001,2024-05,2024-05-21,21,acute_inpatient,commercial,inpatient,882.22,174.28,1.2025,9565257.18,3087253.47,459286.59,5109895.33,200586.53,135904.36,5.05,497.95,384.27,21.0,15.0,10.0,5955087.405083123,5786386.889714151,5925058.6085892385,5593094.82973957,5426006.2126045525,0.4534,0.0475,0.5451,0.6164,5,2,0.866025,-0.5,6205964.07
FAC-001,2024-05,2024-05-24,24,acute_inpatient,commercial,inpatient,997.54,197.06,1.2025,10815565.77,3699094.34,499771.37,6085835.32,230964.27,146743.57,5.519,563.04,434.5,24.0,18.0,7.0,5955087.405083123,5786386.889714151,5925058.6085892385,5593094.82973957,5426006.2126045525,0.4534,0.0475,0.5451,0.6164,5,2,0.866025,-0.5,6205964.07
FAC-001,2024-05,2024-05-27,27,acute_inpatient,commercial,inpatient,1111.71,219.62,1.2025,12053399.84,4297811.51,575868.49,6370246.2,220355.29,171080.0,5.311,627.48,484.23,27.0,19.0,4.0,5955087.405083123,5786386.889714151,5925058.6085892385,5593094.82973957,5426006.2126045525,0.4534,0.0475,0.5451,0.6164,5,2,0.866025,-0.5,6205964.07
FAC-001,2024-06,2024-06-07,7,acute_inpatient,commercial,inpatient,330.92,65.37,1.2025,3324068.24,257246.17,161463.38,1722026.96,65124.69,50407.74,6.227,186.78,144.14,7.0,5.0,23.0,6205964.069044945,5987889.4675127845,6017624.590550137,5804449.071639952,5460970.9775487855,0.4534,0.0475,0.5451,0.6164,6,2,0.5,-0.866025,5749537.18
FAC-001,2024-06,2024-06-10,10,acute_inpatient,commercial,inpatient,459.45,90.76,1.2025,4615085.31,769529.37,235520.44,2530874.86,96096.89,70045.56,5.264,259.32,200.12,10.0,6.0,20.0,6205964.069044945,5987889.4675127845,6017624.590550137,5804449.071639952,5460970.9775487855,0.4534,0.0475,0.5451,0.6164,6,2,0.5,-0.866025,5749537.18
FAC-001,2024-06,2024-06-12,12,acute_inpatient,commercial,inpatient,543.35,107.34,,5457911.39,1167265.72,278299.13,2920916.59,121517.5,76593.32,5.021,306.68,236.67,12.0,8.0,18.0,6205964.069044945,5987889.4675127845,6017624.590550137,5804449.071639952,5460970.9775487855,0.4534,0.0475,0.5451,0.6164,6,2,0.5,-0.866025,5749537.18
FAC-001,2024-06,2024-06-15,15,acute_inpatient,commercial,inpatient,667.18,131.8,1.2025,6701680.08,1682071.43,325806.51,3864426.05,132996.77,98546.0,4.514,376.57,290.6,15.0,10.0,15.0,6205964.069044945,5987889.4675127845,6017624.590550137,5804449.071639952,5460970.9775487855,0.4534,0.0475,0.5451,0.6164,6,2,0.5,-0.866025,5749537.18
FAC-001,2024-06,2024-06-18,18,acute_inpatient,commercial,inpatient,789.02,155.87,1.2025,7925568.77,2296396.64,346732.37,4162660.77,162106.19,134564.43,6.402,445.34,343.68,18.0,12.0,12.0,6205964.069044945,5987889.4675127845,6017624.590550137,5804449.071639952,5460970.9775487855,0.4534,0.0475,0.5451,0.6164,6,2,0.5,-0.866025,5749537.18
FAC-001,2024-06,2024-06-21,21,acute_inpatient,commercial,inpatient,909.24,179.62,1.2025,9133168.81,2842665.99,465293.66,5027256.76,179900.64,142923.97,5.08,513.2,396.04,21.0,15.0,9.0,6205964.069044945,5987889.4675127845,6017624.590550137,5804449.071639952,5460970.9775487855,0.4534,0.0475,0.5451,0.6164,6,2,0.5,-0.866025,5749537.18
FAC-001,2024-06,2024-06-24,24,acute_inpatient,commercial,inpatient,1028.09,203.1,1.2025,10326997.6,3492047.25,480863.2,5314672.82,174657.92,165024.05,4.917,580.28,447.81,24.0,16.0,6.0,6205964.069044945,5987889.4675127845,6017624.590550137,5804449.071639952,5460970.9775487855,0.4534,0.0475,0.5451,0.6164,6,2,0.5,-0.866025,5749537.18
FAC-001,2024-06,2024-06-27,27,acute_inpatient,commercial,inpatient,1145.75,226.34,1.2025,11508915.38,3999404.98,547299.6,6473280.97,234329.89,161308.01,5.64,646.69,499.06,27.0,19.0,3.0,6205964.069044945,5987889.4675127845,6017624.590550137,5804449.071639952,5460970.9775487855,0.4534,0.0475,0.5451,0.6164,6,2,0.5,-0.866025,5749537.18
FAC-001,2024-07,2024-07-07,7,acute_inpatient,commercial,inpatient,321.09,63.43,1.2025,2931390.87,214888.57,142786.89,1660208.41,65909.16,48940.01,5.346,181.23,139.86,7.0,5.0,24.0,5749537.17561232,5184194.2525913175,5970196.216580129,5887298.225007527,5441108.286557081,0.4534,0.0475,0.5451,0.6164,7,3,0.0,-1.0,5225620.79
FAC-001,2024-07,2024-07-10,10,acute_inpatient,commercial,inpatient,445.79,88.07,1.2025,4069898.09,688062.86,198485.96,2121218.86,87101.71,52771.43,4.668,251.62,194.18,10.0,8.0,21.0,5749537.17561232,5184194.2525913175,5970196.216580129,5887298.225007527,5441108.286557081,0.4534,0.0475,0.5451,0.6164,7,3,0.0,-1.0,5225620.79
FAC-001,2024-07,2024-07-12,12,acute_inpatient,commercial,inpatient,527.21,104.15,1.2025,4813159.8,1039393.85,238401.33,2779874.9,93647.97,63878.46,4.935,297.57,229.64,12.0,10.0,19.0,5749537.17561232,5184194.2525913175,5970196.216580129,5887298.225007527,5441108.286557081,0.4534,0.0475,0.5451,0.6164,7,3,0.0,-1.0,5225620.79
FAC-001,2024-07,2024-07-15,15,acute_inpatient,commercial,inpatient,647.35,127.88,1.2025,5910000.16,1500682.71,282036.56,3367780.2,,91770.79,4.575,365.38,281.97,15.0,11.0,16.0,5749537.17561232,5184194.2525913175,5970196.216580129,5887298.225007527,5441108.286557081,0.4534,0.0475,0.5451,0.6164,7,3,0.0,-1.0,5225620.79
FAC-001,2024-07,2024-07-18,18,acute_inpatient,commercial,inpatient,765.57,151.24,1.2025,6989308.97,2027046.07,332282.76,3695770.5,136489.61,102908.74,4.921,432.11,333.46,18.0,14.0,13.0,5749537.17561232,5184194.2525913175,5970196.216580129,5887298.225007527,5441108.286557081,0.4534,0.0475,0.5451,0.6164,7,3,0.0,-1.0,5225620.79
FAC-001,2024-07,2024-07-21,21,acute_inpatient,commercial,inpatient,882.22,174.28,1.2025,8054253.34,2643521.89,380967.88,4347736.86,127298.26,110010.54,4.924,497.95,384.27,21.0,15.0,10.0,5749537.17561232,5184194.2525913175,5970196.216580129,5887298.225007527,5441108.286557081,0.4534,0.0475,0.5451,0.6164,7,3,0.0,-1.0,5225620.79
FAC-001,2024-07,2024-07-24,24,acute_inpatient,commercial,inpatient,997.54,197.06,1.2025,9107053.27,2963010.21,462803.19,4931724.39,205608.93,137448.72,5.068,563.04,434.5,24.0,18.0,7.0,5749537.17561232,5184194.2525913175,5970196.216580129,5887298.225007527,5441108.286557081,0.4534,0.0475,0.5451,0.6164,7,3,0.0,-1.0,5225620.79
FAC-001,2024-07,2024-07-27,27,acute_inpatient,commercial,inpatient,1111.71,219.62,1.2025,10149349.25,3535168.3,482532.65,5913038.88,155901.91,121768.66,4.789,627.48,484.23,27.0,20.0,4.0,5749537.17561232,5184194.2525913175,5970196.216580129,5887298.225007527,5441108.286557081,0.4534,0.0475,0.5451,0.6164,7,3,0.0,-1.0,5225620.79
FAC-001,2024-08,2024-08-07,7,acute_inpatient,commercial,inpatient,321.09,63.43,1.2025,2794483.99,195671.7,137416.98,1552168.54,53742.14,46188.81,5.546,181.23,139.86,7.0,5.0,24.0,5225620.791881562,5286201.978902172,5727040.678846276,5826049.643717757,5444560.498164601,0.4534,0.0475,0.5451,0.6164,8,3,-0.5,-0.866025,4981564.81
FAC-001,2024-08,2024-08-10,10,acute_inpatient,commercial,inpatient,445.79,88.07,1.2025,3879818.67,647919.2,193300.89,2138049.71,73239.47,62258.38,5.104,251.62,194.18,10.0,7.0,21.0,5225620.791881562,5286201.978902172,5727040.678846276,5826049.643717757,5444560.498164601,0.4534,0.0475,0.5451,0.6164,8,3,-0.5,-0.866025,4981564.81
FAC-001,2024-08,2024-08-12,12,acute_inpatient,commercial,inpatient,527.21,104.15,1.2025,4588367.29,953597.8,234167.19,2256023.37,78757.63,60655.44,4.876,297.57,229.64,12.0,8.0,19.0,5225620.791881562,5286201.978902172,5727040.678846276,5826049.643717757,5444560.498164601,0.4534,0.0475,0.5451,0.6164,8,3,-0.5,-0.866025,4981564.81
FAC-001,2024-08,2024-08-15,15,acute_inpatient,commercial,inpatient,647.35,127.88,1.2025,5633981.12,1415335.74,247623.12,2950195.45,102979.69,105277.34,5.917,365.38,281.97,15.0,11.0,16.0,5225620.791881562,5286201.978902172,5727040.678846276,5826049.643717757,5444560.498164601,0.4534,0.0475,0.5451,0.6164,8,3,-0.5,-0.866025,4981564.81
FAC-001,2024-08,2024-08-18,18,acute_inpatient,commercial,inpatient,765.57,151.24,1.2025,6662882.17,1883066.51,310957.08,3465139.16,107830.35,98775.09,4.57,432.11,333.46,18.0,12.0,13.0,5225620.791881562,5286201.978902172,5727040.678846276,5826049.643717757,5444560.498164601,0.4534,0.0475,0.5451,0.6164,8,3,-0.5,-0.866025,4981564.81
FAC-001,2024-08,2024-08-21,21,acute_inpatient,commercial,inpatient,882.22,174.28,1.2025,7678089.67,2386809.11,335770.26,4057944.36,155844.14,119389.03,5.251,497.95,384.27,21.0,15.0,10.0,5225620.791881562,5286201.978902172,5727040.678846276,5826049.643717757,5444560.498164601,0.4534,0.0475,0.5451,0.6164,8,3,-0.5,-0.866025,4981564.81
FAC-001,2024-08,2024-08-24,24,acute_inpatient,commercial,inpatient,997.54,197.06,1.2025,8681719.92,2769718.5,430314.03,4581134.12,184622.99,,4.388,563.04,434.5,24.0,17.0,7.0,5225620.791881562,5286201.978902172,5727040.678846276,5826049.643717757,5444560.498164601,0.4534,0.0475,0.5451,0.6164,8,3,-0.5,-0.866025,4981564.81
FAC-001,2024-08,2024-08-27,27,acute_inpatient,commercial,inpatient,1111.71,219.62,1.2025,9675336.8,3347010.66,468310.99,5403580.47,190778.53,167360.77,5.535,627.48,484.23,27.0,19.0,4.0,5225620.791881562,5286201.978902172,5727040.678846276,5826049.643717757,5444560.498164601,0.4534,0.0475,0.5451,0.6164,8,3,-0.5,-0.866025,4981564.81
FAC-001,2024-09,2024-09-07,7,acute_inpatient,commercial,inpatient,330.92,65.37,1.2025,2789361.71,220525.9,,1638166.46,66724.24,36702.42,4.605,186.78,144.14,7.0,5.0,23.0,4981564.813944398,4556449.713295917,5318907.59381276,5668266.092181448,5419174.067751453,0.4534,0.0475,0.5451,0.6164,9,3,-0.866025,-0.5,4824671.96
FAC-001,2024-09,2024-09-10,10,acute_inpatient,commercial,inpatient,459.45,90.76,1.2025,3872706.98,703581.51,174345.25,1999426.29,73688.36,60531.73,5.001,259.32,200.12,10.0,7.0,20.0,4981564.813944398,4556449.713295917,5318907.59381276,5668266.092181448,5419174.067751453,0.4534,0.0475,0.5451,0.6164,9,3,-0.866025,-0.5,4824671.96
FAC-001,2024-09,2024-09-12,12,acute_inpatient,commercial,inpatient,543.35,107.34,1.2025,4579956.83,964832.03,210365.57,2425508.38,83542.9,84374.02,5.194,306.68,236.67,12.0,9.0,18.0,4981564.813944398,4556449.713295917,5318907.59381276,5668266.092181448,5419174.067751453,0.4534,0.0475,0.5451,0.6164,9,3,-0.866025,-0.5,4824671.96
FAC-001,2024-09,2024-09-15,15,acute_inpatient,commercial,inpatient,667.18,131.8,1.2025,5623654.05,1497192.7,260778.92,3042788.75,104447.52,61986.38,4.388,376.57,290.6,15.0,10.0,15.0,4981564.813944398,4556449.713295917,5318907.59381276,5668266.092181448,5419174.067751453,0.4534,0.0475,0.5451,0.6164,9,3,-0.866025,-0.5,4824671.96
FAC-001,2024-09,2024-09-18,18,acute_inpatient,commercial,inpatient,789.02,155.87,1.2025,6650669.13,1834950.74,280572.48,3452094.28,150637.07,99316.74,5.671,445.34,343.68,18.0,13.0,12.0,4981564.813944398,4556449.713295917,5318907.59381276,5668266.092181448,5419174.067751453,0.4534,0.0475,0.5451,0.6164,9,3,-0.866025,-0.5,4824671.96
FAC-001,2024-09,2024-09-21,21,acute_inpatient,commercial,inpatient,909.24,179.62,1.2025,7664015.76,2458063.99,378557.18,4027290.3,161311.45,123337.55,4.773,513.2,396.04,21.0,15.0,9.0,4981564.813944398,4556449.713295917,5318907.59381276,5668266.092181448,5419174.067751453,0.4534,0.0475,0.5451,0.6164,9,3,-0.866025,-0.5,4824671.96
FAC-001,2024-09,2024-09-24,24,acute_inpatient,commercial,inpatient,1028.09,203.1,1.2025,8665806.35,2969673.56,423583.33,4620100.89,153856.74,114594.96,5.092,580.28,447.81,24.0,17.0,6.0,4981564.813944398,4556449.713295917,5318907.59381276,5668266.092181448,5419174.067751453,0.4534,0.0475,0.5451,0.6164,9,3,-0.866025,-0.5,4824671.96
FAC-001,2024-09,2024-09-27,27,acute_inpatient,commercial,inpatient,1145.75,226.34,1.2025,9657601.93,3450696.04,440875.17,5270193.58,204172.08,153819.39,5.797,646.69,499.06,27.0,20.0,3.0,4981564.813944398,4556449.713295917,5318907.59381276,5668266.092181448,5419174.067751453,0.4534,0.0475,0.5451,0.6164,9,3,-0.866025,-0.5,4824671.96
FAC-001,2024-10,2024-10-07,7,acute_inpatient,commercial,inpatient,321.09,63.43,1.2025,2825422.37,205327.59,127580.28,1643929.72,53507.98,46809.65,5.083,181.23,139.86,7.0,5.0,24.0,4824671.962895093,4752383.270800873,5010619.189573684,5490407.7030769065,5441525.921884718,0.4534,0.0475,0.5451,0.6164,10,4,-1.0,-0.0,5036716.88
FAC-001,2024-10,2024-10-10,10,acute_inpatient,commercial,inpatient,445.79,88.07,1.2025,3922773.05,643439.69,169612.15,2123724.64,66221.25,64533.34,5.78,251.62,194.18,10.0,8.0,21.0,4824671.962895093,4752383.270800873,5010619.189573684,5490407.7030769065,5441525.921884718,0.4534,0.0475,0.5451,0.6164,10,4,-1.0,-0.0,5036716.88
FAC-001,2024-10,2024-10-12,12,acute_inpatient,commercial,inpatient,527.21,104.15,1.2025,4639166.18,941067.1,223848.51,2455544.63,86952.03,74977.01,5.032,297.57,229.64,12.0,9.0,19.0,4824671.962895093,4752383.270800873,5010619.189573684,5490407.7030769065,5441525.921884718,0.4534,0.0475,0.5451,0.6164,10,4,-1.0,-0.0,5036716.88
FAC-001,2024-10,2024-10-15,15,acute_inpatient,commercial,inpatient,647.35,127.88,1.2025,5696356.24,1517277.96,264242.92,3229349.67,115036.93,92244.9,4.835,365.38,281.97,15.0,11.0,16.0,4824671.962895093,4752383.270800873,5010619.189573684,5490407.7030769065,5441525.921884718,0.4534,0.0475,0.5451,0.6164,10,4,-1.0,-0.0,5036716.88
FAC-001,2024-10,2024-10-18,18,acute_inpatient,commercial,inpatient,765.57,151.24,1.2025,6736648.5,1924860.51,318371.86,3549501.44,143653.39,107620.48,5.336,432.11,333.46,18.0,14.0,13.0,4824671.962895093,4752383.270800873,5010619.189573684,5490407.7030769065,5441525.921884718,0.4534,0.0475,0.5451,0.6164,10,4,-1.0,-0.0,5036716.88
FAC-001,2024-10,2024-10-21,21,acute_inpatient,commercial,inpatient,882.22,174.28,1.2025,7763095.6,2530948.33,395753.76,4168384.94,161053.99,109184.83,5.062,497.95,384.27,21.0,15.0,10.0,4824671.962895093,4752383.270800873,5010619.189573684,5490407.7030769065,5441525.921884718,0.4534,0.0475,0.5451,0.6164,10,4,-1.0,-0.0,5036716.88
FAC-001,2024-10,2024-10-24,24,acute_inpatient,commercial,inpatient,997.54,197.06,1.2025,8777837.27,2863430.72,451045.87,4854625.92,171729.1,147383.64,4.006,563.04,434.5,24.0,18.0,7.0,4824671.962895093,4752383.270800873,5010619.189573684,5490407.7030769065,5441525.921884718,0.4534,0.0475,0.5451,0.6164,10,4,-1.0,-0.0,5036716.88
FAC-001,2024-10,2024-10-27,27,acute_inpatient,commercial,inpatient,1111.71,219.62,1.2025,9782454.71,3210040.72,483504.33,5345553.74,200549.05,127273.71,5.039,627.48,484.23,27.0,19.0,4.0,4824671.962895093,4752383.270800873,5010619.189573684,5490407.7030769065,5441525.921884718,0.4534,0.0475,0.5451,0.6164,10,4,-1.0,-0.0,5036716.88
FAC-001,2024-11,2024-11-07,7,acute_inpatient,commercial,inpatient,330.92,65.37,1.2025,2924340.31,246995.21,144734.58,1604950.83,55918.92,42134.31,4.026,186.78,144.14,7.0,5.0,23.0,5036716.883075182,4937838.6176426485,4947651.219971557,5337345.949408917,5465220.389574244,0.4534,0.0475,0.5451,0.6164,11,4,-0.866025,0.5,5058140.24
FAC-001,2024-11,2024-11-10,10,acute_inpatient,commercial,inpatient,459.45,90.76,1.2025,4060109.19,711628.15,201152.65,2073774.36,75831.33,53852.49,4.586,259.32,200.12,10.0,6.0,20.0,5036716.883075182,4937838.6176426485,4947651.219971557,5337345.949408917,5465220.389574244,0.4534,0.0475,0.5451,0.6164,11,4,-0.866025,0.5,5058140.24
FAC-001,2024-11,2024-11-12,12,acute_inpatient,commercial,inpatient,543.35,107.34,1.2025,4801583.22,1033310.7,204452.23,2681773.65,103271.06,70215.21,3.857,306.68,236.67,12.0,8.0,18.0,5036716.883075182,4937838.6176426485,4947651.219971557,5337345.949408917,5465220.389574244,0.4534,0.0475,0.5451,0.6164,11,4,-0.866025,0.5,5058140.24
FAC-001,2024-11,2024-11-15,15,acute_inpatient,commercial,inpatient,667.18,131.8,1.2025,5895785.46,1483263.05,297527.5,2856804.99,113817.86,78001.23,5.437,376.57,290.6,15.0,11.0,15.0,5036716.883075182,4937838.6176426485,4947651.219971557,5337345.949408917,5465220.389574244,0.4534,0.0475,0.5451,0.6164,11,4,-0.866025,0.5,5058140.24
FAC-001,2024-11,2024-11-18,18,acute_inpatient,commercial,inpatient,789.02,155.87,1.2025,6972498.32,1993041.67,338126.21,3886849.33,165056.13,102464.96,5.231,445.34,343.68,18.0,12.0,12.0,5036716.883075182,4937838.6176426485,4947651.219971557,5337345.949408917,5465220.389574244,0.4534,0.0475,0.5451,0.6164,11,4,-0.866025,0.5,5058140.24
FAC-001,2024-11,2024-11-21,21,acute_inpatient,commercial,inpatient,909.24,179.62,1.2025,8034881.29,2432212.89,404664.38,4246768.94,151686.44,120255.08,4.299,513.2,396.04,21.0,15.0,9.0,5036716.883075182,4937838.6176426485,4947651.219971557,5337345.949408917,5465220.389574244,0.4534,0.0475,0.5451,0.6164,11,4,-0.866025,0.5,5058140.24
FAC-001,2024-11,2024-11-24,24,acute_inpatient,commercial,inpatient,1028.09,203.1,1.2025,9085149.04,3082993.19,452745.45,5010567.68,152832.24,134590.0,5.407,580.28,447.81,24.0,16.0,6.0,5036716.883075182,4937838.6176426485,4947651.219971557,5337345.949408917,5465220.389574244,0.4534,0.0475,0.5451,0.6164,11,4,-0.866025,0.5,5058140.24
FAC-001,2024-11,2024-11-27,27,acute_inpatient,commercial,inpatient,1145.75,226.34,1.2025,10124938.1,3380692.65,455417.5,5712869.61,207968.16,158130.85,5.945,646.69,499.06,27.0,19.0,3.0,5036716.883075182,4937838.6176426485,4947651.219971557,5337345.949408917,5465220.389574244,0.4534,0.0475,0.5451,0.6164,11,4,-0.866025,0.5,5058140.24
FAC-001,2024-12,2024-12-07,7,acute_inpatient,commercial,inpatient,321.09,63.43,1.2025,3032814.61,215251.01,148904.51,1832524.3,59359.43,41862.47,5.256,181.23,139.86,7.0,5.0,24.0,5058140.239729174,5252442.25540688,4973176.361899816,5146041.977856288,5475245.524748121,0.4534,0.0475,0.5451,0.6164,12,4,-0.5,0.866025,5406423.02
FAC-001,2024-12,2024-12-10,10,acute_inpatient,commercial,inpatient,445.79,88.07,1.2025,4210713.25,708526.07,194881.66,2200573.8,103666.45,65225.07,4.698,251.62,194.18,10.0,7.0,21.0,5058140.239729174,5252442.25540688,4973176.361899816,5146041.977856288,5475245.524748121,0.4534,0.0475,0.5451,0.6164,12,4,-0.5,0.866025,5406423.02
FAC-001,2024-12,2024-12-12,12,acute_inpatient,commercial,inpatient,527.21,104.15,1.2025,4979691.22,1063321.31,235413.81,2687093.15,105193.71,65045.61,5.22,297.57,229.64,12.0,9.0,19.0,5058140.239729174,5252442.25540688,4973176.361899816,5146041.977856288,5475245.524748121,0.4534,0.0475,0.5451,0.6164,12,4,-0.5,0.866025,5406423.02
FAC-001,2024-12,2024-12-15,15,acute_inpatient,commercial,inpatient,647.35,127.88,1.2025,6114481.36,1636697.18,297421.56,3282994.51,116088.26,87953.7,4.928,365.38,281.97,15.0,10.0,16.0,5058140.239729174,5252442.25540688,4973176.361899816,5146041.977856288,5475245.524748121,0.4534,0.0475,0.5451,0.6164,12,4,-0.5,0.866025,5406423.02
FAC-001,2024-12,2024-12-18,18,acute_inpatient,commercial,inpatient,765.57,151.24,1.2025,7231133.38,2045772.96,359474.06,3668584.51,157089.14,104348.65,5.232,432.11,333.46,18.0,13.0,13.0,5058140.239729174,5252442.25540688,4973176.361899816,5146041.977856288,5475245.524748121,0.4534,0.0475,0.5451,0.6164,12,4,-0.5,0.866025,5406423.02
FAC-001,2024-12,2024-12-21,21,acute_inpatient,commercial,inpatient,882.22,174.28,1.2025,8332923.95,2509178.39,422412.23,4768811.67,182650.87,106060.35,5.449,497.95,384.27,21.0,15.0,10.0,5058140.239729174,5252442.25540688,4973176.361899816,5146041.977856288,5475245.524748121,0.4534,0.0475,0.5451,0.6164,12,4,-0.5,0.866025,5406423.02
FAC-001,2024-12,2024-12-24,24,acute_inpatient,commercial,inpatient,997.54,197.06,1.2025,9422149.91,3167943.06,411926.26,5131252.59,195312.4,149191.39,5.136,563.04,434.5,24.0,17.0,7.0,5058140.239729174,5252442.25540688,4973176.361899816,5146041.977856288,5475245.524748121,0.4534,0.0475,0.5451,0.6164,12,4,-0.5,0.866025,5406423.02
FAC-001,2024-12,2024-12-27,27,acute_inpatient,commercial,inpatient,1111.71,219.62,1.2025,10500508.49,3699291.98,535909.56,6004800.98,149799.1,152507.73,4.971,627.48,484.23,27.0,20.0,4.0,5058140.239729174,5252442.25540688,4973176.361899816,5146041.977856288,5475245.524748121,0.4534,0.0475,0.5451,0.6164,12,4,-0.5,0.866025,5406423.02
FAC-001,2025-01,2025-01-07,7,acute_inpatient,commercial,inpatient,321.09,63.43,1.2025,3073835.57,203830.01,146800.34,1759320.87,54796.85,47658.6,4.61,181.23,139.86,7.0,5.0,24.0,5406423.023732329,5593112.279620176,5167093.382178895,5088856.285876289,5488077.255441908,0.4534,0.0475,0.5451,0.6164,1,1,0.0,1.0,5479548.7
FAC-001,2025-01,2025-01-10,10,acute_inpatient,commercial,inpatient,445.79,88.07,,4267666.11,694487.97,217845.25,2275920.77,89298.46,52036.39,5.946,251.62,194.18,10.0,8.0,21.0,5406423.023732329,5593112.279620176,5167093.382178895,5088856.285876289,5488077.255441908,0.4534,0.0475,0.5451,0.6164,1,1,0.0,1.0,5479548.7
FAC-001,2025-01,2025-01-12,12,acute_inpatient,commercial,inpatient,527.21,104.15,1.2025,5047045.04,1067845.73,237718.04,2814607.06,86710.06,84658.1,4.895,297.57,229.64,12.0,8.0,19.0,5406423.023732329,5593112.279620176,5167093.382178895,5088856.285876289,5488077.255441908,0.4534,0.0475,0.5451,0.6164,1,1,0.0,1.0,5479548.7
FAC-001,2025-01,2025-01-15,15,acute_inpatient,commercial,inpatient,647.35,127.88,1.2025,6197184.03,1559198.83,287336.56,3299773.55,132553.68,95336.61,5.364,365.38,281.97,15.0,11.0,16.0,5406423.023732329,5593112.279620176,5167093.382178895,5088856.285876289,5488077.255441908,0.4534,0.0475,0.5451,0.6164,1,1,0.0,1.0,5479548.7
FAC-001,2025-01,2025-01-18,18,acute_inpatient,commercial,inpatient,765.57,151.24,1.2025,7328939.54,2096660.38,357314.49,,179261.93,92697.19,5.657,432.11,333.46,18.0,13.0,13.0,5406423.023732329,5593112.279620176,5167093.382178895,5088856.285876289,5488077.255441908,0.4534,0.0475,0.5451,0.6164,1,1,0.0,1.0,5479548.7
FAC-001,2025-01,2025-01-21,21,acute_inpatient,commercial,inpatient,882.22,174.28,1.2025,8445632.61,2740121.77,384351.06,5014456.99,185727.74,138987.31,5.064,497.95,384.27,21.0,15.0,10.0,5406423.023732329,5593112.279620176,5167093.382178895,5088856.285876289,5488077.255441908,0.4534,0.0475,0.5451,0.6164,1,1,0.0,1.0,5479548.7
FAC-001,2025-01,2025-01-24,24,acute_inpatient,commercial,inpatient,997.54,197.06,1.2025,9549591.12,3151589.56,449179.19,5287035.45,,145841.08,4.612,563.04,434.5,24.0,18.0,7.0,5406423.023732329,5593112.279620176,5167093.382178895,5088856.285876289,5488077.255441908,0.4534,0.0475,0.5451,0.6164,1,1,0.0,1.0,5479548.7
FAC-001,2025-01,2025-01-27,27,acute_inpatient,commercial,inpatient,1111.71,219.62,1.2025,10642535.25,3808781.81,529184.05,5953426.85,228718.7,155312.99,4.604,627.48,484.23,27.0,19.0,4.0,5406423.023732329,5593112.279620176,5167093.382178895,5088856.285876289,5488077.255441908,0.4534,0.0475,0.5451,0.6164,1,1,0.0,1.0,5479548.7
